country_code,entry_mode,txn_count,total_fee,distinct_rate_versions_used
AE,chip,158537,32341.66,780
AE,contactless,135526,26355.91,780
AE,ecom,99446,25384.86,780
AE,magstripe,22715,4993.53,780
AE,manual,9070,2434.33,780
AE,moto,13509,3676.30,780
AE,token,13593,2590.18,780
AR,chip,158050,35560.36,780
AR,contactless,136051,29970.18,780
AR,ecom,99477,27763.72,780
AR,magstripe,22283,5390.23,780
AR,manual,8977,2645.95,780
AR,moto,13607,4091.69,780
AR,token,13625,2861.29,780
AU,chip,158219,29747.42,780
AU,contactless,136119,24685.82,780
AU,ecom,99004,24022.30,780
AU,magstripe,22550,4644.92,780
AU,manual,9013,2328.95,780
AU,moto,13415,3447.82,780
AU,token,13712,2440.52,780
BR,chip,157943,32057.06,780
BR,contactless,135633,26777.99,780
BR,ecom,99496,25782.15,780
BR,magstripe,22457,4987.07,780
BR,manual,9114,2479.79,780
BR,moto,13642,3659.87,780
BR,token,13674,2643.32,780
CA,chip,463810,87322.98,780
CA,contactless,396895,72539.90,780
CA,ecom,290868,70405.81,780
CA,magstripe,66412,13700.52,780
CA,manual,26834,6845.00,780
CA,moto,39647,10497.21,780
CA,token,40123,7059.30,780
CH,chip,158135,29688.39,780
CH,contactless,135292,24660.32,780
CH,ecom,99793,24247.72,780
CH,magstripe,22565,4726.65,780
CH,manual,8903,2301.83,779
CH,moto,13553,3499.01,780
CH,token,13486,2405.38,780
DE,chip,618805,116625.49,780
DE,contactless,530324,96926.36,780
DE,ecom,387004,94291.74,780
DE,magstripe,88259,18202.75,780
DE,manual,35423,9107.67,780
DE,moto,52709,13804.53,780
DE,token,52991,9412.32,780
ES,chip,158921,32090.46,780
ES,contactless,135206,26759.86,780
ES,ecom,99558,25624.85,780
ES,magstripe,22712,4994.04,780
ES,manual,9129,2399.01,780
ES,moto,13568,3654.82,780
ES,token,13332,2548.96,780
FR,chip,540648,102161.63,780
FR,contactless,463755,84419.36,780
FR,ecom,340379,82684.63,780
FR,magstripe,77173,15696.31,780
FR,manual,30874,7785.57,780
FR,moto,46140,11955.61,780
FR,token,46259,8122.70,780
GB,chip,771079,145137.70,780
GB,contactless,663284,121159.52,780
GB,ecom,485812,118323.00,780
GB,magstripe,110454,22777.94,780
GB,manual,43745,11201.52,780
GB,moto,66494,17519.46,780
GB,token,66436,11791.47,780
HK,chip,157816,32117.68,780
HK,contactless,135473,26587.51,780
HK,ecom,99678,25857.56,780
HK,magstripe,22848,5087.82,780
HK,manual,8971,2542.81,780
HK,moto,13481,3670.95,780
HK,token,13553,2561.33,780
IE,chip,158528,29834.38,780
IE,contactless,135473,24748.26,780
IE,ecom,99654,24279.36,780
IE,magstripe,22786,4676.77,780
IE,manual,9051,2230.95,780
IE,moto,13596,3523.31,780
IE,token,13649,2413.50,780
IN,chip,158179,31968.21,780
IN,contactless,135116,26651.25,780
IN,ecom,99663,25381.76,780
IN,magstripe,22750,4979.08,780
IN,manual,9002,2434.62,780
IN,moto,13582,3737.47,780
IN,token,13447,2530.32,780
IT,chip,158326,32032.67,780
IT,contactless,135261,26696.67,780
IT,ecom,99873,25724.86,780
IT,magstripe,22628,5047.46,780
IT,manual,9271,2469.17,780
IT,moto,13522,3744.83,780
IT,token,13407,2588.63,780
JP,chip,158619,29924.66,780
JP,contactless,136320,24709.12,780
JP,ecom,100069,24292.38,780
JP,magstripe,22639,4649.31,780
JP,manual,9096,2316.89,780
JP,moto,13577,3512.46,780
JP,token,13562,2385.21,780
MX,chip,158755,32217.10,780
MX,contactless,135975,26838.70,780
MX,ecom,100189,25598.56,780
MX,magstripe,22606,5027.17,780
MX,manual,8967,2356.42,780
MX,moto,13533,3751.42,780
MX,token,13368,2573.23,780
NG,chip,157787,35359.92,780
NG,contactless,134923,29613.28,780
NG,ecom,99498,27695.07,780
NG,magstripe,22801,5508.22,780
NG,manual,9050,2701.02,780
NG,moto,13679,4026.20,780
NG,token,13488,2889.69,780
NL,chip,158407,29887.74,780
NL,contactless,135694,24625.41,780
NL,ecom,99983,24305.16,780
NL,magstripe,22730,4817.78,780
NL,manual,9123,2376.09,780
NL,moto,13559,3632.20,780
NL,token,13632,2406.79,780
NZ,chip,157938,29469.41,780
NZ,contactless,135678,24773.29,780
NZ,ecom,99659,24031.58,780
NZ,magstripe,22688,4639.34,780
NZ,manual,9199,2350.86,780
NZ,moto,13470,3506.07,780
NZ,token,13548,2354.98,780
PL,chip,157659,32100.37,780
PL,contactless,136008,26675.28,780
PL,ecom,99422,25639.50,780
PL,magstripe,22642,5072.76,780
PL,manual,8936,2357.62,780
PL,moto,13552,3751.32,780
PL,token,13624,2631.00,780
SE,chip,158685,30037.04,780
SE,contactless,135415,24739.26,780
SE,ecom,99748,24175.06,780
SE,magstripe,22591,4733.25,780
SE,manual,9115,2334.91,780
SE,moto,13681,3627.76,780
SE,token,13710,2429.94,780
SG,chip,158062,29832.91,780
SG,contactless,135406,24709.58,780
SG,ecom,99229,24197.05,780
SG,magstripe,22606,4682.70,780
SG,manual,9095,2295.17,780
SG,moto,13528,3639.38,780
SG,token,13679,2368.57,780
TR,chip,159120,32151.62,780
TR,contactless,135678,26615.61,780
TR,ecom,99218,25571.67,780
TR,magstripe,22416,4949.78,780
TR,manual,9086,2553.94,780
TR,moto,13750,3774.01,780
TR,token,13721,2649.31,780
US,chip,68093754,11425187.68,780
US,contactless,1854413,337793.82,780
US,ecom,1360930,330989.41,780
US,magstripe,308802,63929.74,780
US,manual,123419,31504.33,780
US,moto,185821,48503.67,780
US,token,184988,32753.76,780
ZA,chip,158195,32155.01,780
ZA,contactless,135895,26887.20,780
ZA,ecom,99631,25763.14,780
ZA,magstripe,22704,5036.35,780
ZA,manual,8951,2356.92,780
ZA,moto,13566,3741.14,780
ZA,token,13587,2565.85,780
